{"cameraMode":{"drawMode":0,"name":"Shaded","section":"Shading Mode"},"sceneLighting":true,"audioPlay":false,"sceneViewState":{"m_AlwaysRefresh":false,"showFog":true,"showSkybox":true,"showFlares":true,"showImageEffects":true,"showParticleSystems":true,"showVisualEffectGraphs":true,"m_FxEnabled":true},"in2DMode":false,"pivot":{"x":-4.309999465942383,"y":0.2610001564025879,"z":-3.4799997806549074},"rotation":{"x":-0.0004384404164738953,"y":0.9907383322715759,"z":-0.13608263432979585,"w":-0.0032827795948833229},"size":0.8660253882408142,"orthographic":true}