{"cameraMode":{"drawMode":0,"name":"Shaded","section":"Shading Mode"},"sceneLighting":true,"audioPlay":false,"sceneViewState":{"m_AlwaysRefresh":false,"showFog":true,"showSkybox":true,"showFlares":true,"showImageEffects":true,"showParticleSystems":true,"showVisualEffectGraphs":true,"m_FxEnabled":true},"in2DMode":false,"pivot":{"x":-0.860761284828186,"y":-0.09098078310489655,"z":-0.6758764386177063},"rotation":{"x":0.18988938629627229,"y":-0.05886949598789215,"z":0.011407064273953438,"w":0.9799742102622986},"size":5.628219127655029,"orthographic":true}